<?xml version="1.0" encoding="UTF-8"?>

<!-- 10초마다 파일 변화를 체크하여 갱신시킨다. -->
<configuration scan="true" scanPeriod="10 seconds">

	<!-- spring.profile에 따른 설정파일 분기 -->
<!-- 	<springProfile name = "prod"> -->
<!-- 		<property resource = "logback-prod.properties"/> -->
<!-- 	</springProfile> -->
	
<!-- 	<springProfile name = "dev"> -->
<!-- 		<property resource = "logback-dev.properties"/> -->
<!-- 	</springProfile> -->
	
	
	<!-- 루트 로그 레벨 -->
<!-- 	<property name ="LOG_LEVEL" value = "${log.config.level}"/> -->
	<property name ="LOG_LEVEL" value = "info"/>
	
	<!-- 로그 파일 경로 -->
<!-- 	<property name ="LOG_PATH" value = "${log.config.path}"/> -->
	<property name ="LOG_PATH" value = "./logs"/>
	
	<!-- 로그 파일 명 -->
<!-- 	<property name ="LOG_FILE_NAME" value = "${log.config.filename}"/> -->
<!-- 	<property name ="ERR_LOG_FILE_NAME" value = "${log.config.filename}_error"/> -->
	<property name ="LOG_FILE_NAME" value = "stdout"/>
	<property name ="ERR_LOG_FILE_NAME" value = "stderr"/>
	
	<!-- 로그 파일 패턴 및 케릭터셋 -->
	<property name ="LOG_CHARSET" value = "utf8"/>
	<property name ="LOG_PATTERN" value = "%-5level %d{yyyy-MM-dd HH:mm:ss} [%X{traceId}] [%logger{0}:%line] - %msg%n"/>
	
	
	<!-- 콘솔 Appender 설정 -->
	<appender name ="CONSOLE" class ="ch.qos.logback.core.ConsoleAppender">
		<encoder class ="ch.qos.logback.classic.encoder.PatternLayoutEncoder">
			<charset>${LOG_CHARSET}</charset>
			<pattern>${LOG_PATTERN}</pattern>
		</encoder>
	</appender>
	
	<!-- 파일 Appender 설정(정상) -->
	<appender name="FILE" class ="ch.qos.logback.core.rolling.RollingFileAppender">
		<!-- 파일 경로 설정 -->
		<file>${LOG_PATH}/${LOG_FILE_NAME}.log</file>
		
		<!-- 로그 패턴 설정 -->
		<encoder class = "ch.qos.logback.classic.encoder.PatternLayoutEncoder">
			<charset>${LOG_CHARSET}</charset>
			<pattern>${LOG_PATTERN}</pattern>
		</encoder>
		
		<!-- 롤링 정책 -->
		<rollingPolicy class = "ch.qos.logback.core.rolling.TimeBasedRollingPolicy">
			<!-- gz, zip 등을 넣을 경우 자동 로그파일 압축 -->
			<fileNamePattern>${LOG_PATH}/${LOG_FILE_NAME}_%i.log.%d{yyyy-MM-dd}</fileNamePattern>
			
			<timeBasedFileNamingAndTriggeringPolicy class="ch.qos.logback.core.rolling.SizeAndTimeBasedFNATP">
				<!-- 파일당 최고 용량 -->
				<maxFileSize>100MB</maxFileSize>
			</timeBasedFileNamingAndTriggeringPolicy>
			
			<!-- 로그파일 최대 보관주기 -->
			<maxHistory>365</maxHistory>
		</rollingPolicy>
	</appender>
	
	<!-- 파일 Appender 설정(오류) -->
	<appender name = "ERROR" class ="ch.qos.logback.core.rolling.RollingFileAppender">
		<filter class ="ch.qos.logback.classic.filter.LevelFilter">
			<level>error</level>
			<onMatch>ACCEPT</onMatch>
			<onMismatch>DENY</onMismatch>
		</filter>
		<file>${LOG_PATH}/${ERR_LOG_FILE_NAME}.log</file>
		
		<!-- 로그 패턴 설정 -->
		<encoder class = "ch.qos.logback.classic.encoder.PatternLayoutEncoder">
			<charset>${LOG_CHARSET}</charset>
			<pattern>${LOG_PATTERN}</pattern>
		</encoder>
		
		<!-- 롤링 정책 -->
		<rollingPolicy class = "ch.qos.logback.core.rolling.TimeBasedRollingPolicy">
			<!-- gz, zip 등을 넣을 경우 자동 로그파일 압축 -->
			<fileNamePattern>${LOG_PATH}/${ERR_LOG_FILE_NAME}.log.%d{yyyy-MM-dd}</fileNamePattern>
			
			<!-- 로그파일 최대 보관주기 -->
			<maxHistory>30</maxHistory>
		</rollingPolicy>
	</appender>
	
	<root level = "${LOG_LEVEL}">
		<appender-ref ref="CONSOLE"/>
		<appender-ref ref="FILE"/>
		<appender-ref ref="ERROR"/>
	</root>
	
	<logger name="org.apache.ibatis" level = "DEBUG" additivity = "false">
		<appender-ref ref="CONSOLE"/>
		<appender-ref ref="FILE"/>
		<appender-ref ref="ERROR"/>
	</logger>
</configuration>